{
    "name": "root",
    "gauges": {
        "OvercookedAgent.Policy.Entropy.mean": {
            "value": 0.7424771189689636,
            "min": 0.6985697150230408,
            "max": 2.1056320667266846,
            "count": 400
        },
        "OvercookedAgent.Policy.Entropy.sum": {
            "value": 18627.265625,
            "min": 17501.267578125,
            "max": 52826.09765625,
            "count": 400
        },
        "OvercookedAgent.Step.mean": {
            "value": 9999953.0,
            "min": 24832.0,
            "max": 9999953.0,
            "count": 400
        },
        "OvercookedAgent.Step.sum": {
            "value": 9999953.0,
            "min": 24832.0,
            "max": 9999953.0,
            "count": 400
        },
        "OvercookedAgent.Policy.ExtrinsicValueEstimate.mean": {
            "value": 1.575101613998413,
            "min": -0.3531230092048645,
            "max": 3.264680862426758,
            "count": 400
        },
        "OvercookedAgent.Policy.ExtrinsicValueEstimate.sum": {
            "value": 154.35995483398438,
            "min": -34.606056213378906,
            "max": 319.938720703125,
            "count": 400
        },
        "OvercookedAgent.Losses.PolicyLoss.mean": {
            "value": 0.03383739589141138,
            "min": 0.02786699171544266,
            "max": 0.04146233287319774,
            "count": 400
        },
        "OvercookedAgent.Losses.PolicyLoss.sum": {
            "value": 0.06767479178282276,
            "min": 0.05573398343088532,
            "max": 0.12059104791357336,
            "count": 400
        },
        "OvercookedAgent.Losses.ValueLoss.mean": {
            "value": 0.5060693482557933,
            "min": 0.001617602547533655,
            "max": 0.9970301072423656,
            "count": 400
        },
        "OvercookedAgent.Losses.ValueLoss.sum": {
            "value": 1.0121386965115866,
            "min": 0.00323520509506731,
            "max": 1.9940602144847313,
            "count": 400
        },
        "OvercookedAgent.Policy.LearningRate.mean": {
            "value": 2.818299060899911e-07,
            "min": 2.818299060899911e-07,
            "max": 0.00029952768015744003,
            "count": 400
        },
        "OvercookedAgent.Policy.LearningRate.sum": {
            "value": 5.636598121799822e-07,
            "min": 5.636598121799822e-07,
            "max": 0.0008943323118892302,
            "count": 400
        },
        "OvercookedAgent.Policy.Epsilon.mean": {
            "value": 0.10018781999999998,
            "min": 0.10018781999999998,
            "max": 0.2996851200000001,
            "count": 400
        },
        "OvercookedAgent.Policy.Epsilon.sum": {
            "value": 0.20037563999999997,
            "min": 0.20037563999999997,
            "max": 0.8962215399999998,
            "count": 400
        },
        "OvercookedAgent.Policy.Beta.mean": {
            "value": 1.4686108999999857e-05,
            "min": 1.4686108999999857e-05,
            "max": 0.004992143744000001,
            "count": 400
        },
        "OvercookedAgent.Policy.Beta.sum": {
            "value": 2.9372217999999714e-05,
            "min": 2.9372217999999714e-05,
            "max": 0.014905727423,
            "count": 400
        },
        "OvercookedAgent.IsTraining.mean": {
            "value": 1.0,
            "min": 1.0,
            "max": 1.0,
            "count": 400
        },
        "OvercookedAgent.IsTraining.sum": {
            "value": 1.0,
            "min": 1.0,
            "max": 1.0,
            "count": 400
        },
        "OvercookedAgent.Environment.EpisodeLength.mean": {
            "value": 26382.0,
            "min": 24399.0,
            "max": 2456066.0,
            "count": 55
        },
        "OvercookedAgent.Environment.EpisodeLength.sum": {
            "value": 26382.0,
            "min": 24399.0,
            "max": 2456066.0,
            "count": 55
        },
        "OvercookedAgent.Environment.CumulativeReward.mean": {
            "value": -17.400000259280205,
            "min": -17.80000028014183,
            "max": 24457.199257090688,
            "count": 55
        },
        "OvercookedAgent.Environment.CumulativeReward.sum": {
            "value": -17.400000259280205,
            "min": -17.80000028014183,
            "max": 24457.199257090688,
            "count": 55
        },
        "OvercookedAgent.Policy.ExtrinsicReward.mean": {
            "value": -17.400000259280205,
            "min": -17.80000028014183,
            "max": 24457.199257090688,
            "count": 55
        },
        "OvercookedAgent.Policy.ExtrinsicReward.sum": {
            "value": -17.400000259280205,
            "min": -17.80000028014183,
            "max": 24457.199257090688,
            "count": 55
        }
    },
    "metadata": {
        "timer_format_version": "0.1.0",
        "start_time_seconds": "1754258020",
        "python_version": "3.9.13 (tags/v3.9.13:6de2ca5, May 17 2022, 16:36:42) [MSC v.1929 64 bit (AMD64)]",
        "command_line_arguments": "E:\\Projects\\Unity\\Masters-ML-Agent-Project\\venv\\Scripts\\mlagents-learn config/OvercookedAgent.yaml --run-id=LongTest5",
        "mlagents_version": "0.30.0",
        "mlagents_envs_version": "0.30.0",
        "communication_protocol_version": "1.5.0",
        "pytorch_version": "2.7.1+cpu",
        "numpy_version": "1.21.2",
        "end_time_seconds": "1754281620"
    },
    "total": 23600.4477773,
    "count": 1,
    "self": 0.003992300000390969,
    "children": {
        "run_training.setup": {
            "total": 0.04616869999999995,
            "count": 1,
            "self": 0.04616869999999995
        },
        "TrainerController.start_learning": {
            "total": 23600.3976163,
            "count": 1,
            "self": 77.45491700007187,
            "children": {
                "TrainerController._reset_env": {
                    "total": 5.0513981,
                    "count": 1,
                    "self": 5.0513981
                },
                "TrainerController.advance": {
                    "total": 23517.849531799926,
                    "count": 10000209,
                    "self": 74.15671480034143,
                    "children": {
                        "env_step": {
                            "total": 21728.27626620044,
                            "count": 10000209,
                            "self": 16097.947936306173,
                            "children": {
                                "SubprocessEnvManager._take_step": {
                                    "total": 5577.629908094428,
                                    "count": 10000209,
                                    "self": 225.3396055914518,
                                    "children": {
                                        "TorchPolicy.evaluate": {
                                            "total": 5352.290302502976,
                                            "count": 10000209,
                                            "self": 5352.290302502976
                                        }
                                    }
                                },
                                "workers": {
                                    "total": 52.6984217998367,
                                    "count": 10000209,
                                    "self": 0.0,
                                    "children": {
                                        "worker_root": {
                                            "total": 23496.987612196237,
                                            "count": 10000209,
                                            "is_parallel": true,
                                            "self": 11012.6926356915,
                                            "children": {
                                                "steps_from_proto": {
                                                    "total": 0.00035439999999997696,