{
    "name": "root",
    "gauges": {
        "OvercookedAgent.Policy.Entropy.mean": {
            "value": 1.2170007228851318,
            "min": 0.8996027708053589,
            "max": 1.5723450183868408,
            "count": 400
        },
        "OvercookedAgent.Policy.Entropy.sum": {
            "value": 30577.14453125,
            "min": 22559.869140625,
            "max": 39420.26171875,
            "count": 400
        },
        "OvercookedAgent.Step.mean": {
            "value": 19999971.0,
            "min": 10024749.0,
            "max": 19999971.0,
            "count": 400
        },
        "OvercookedAgent.Step.sum": {
            "value": 19999971.0,
            "min": 10024749.0,
            "max": 19999971.0,
            "count": 400
        },
        "OvercookedAgent.Policy.ExtrinsicValueEstimate.mean": {
            "value": -0.16568346321582794,
            "min": -0.6360839605331421,
            "max": -0.08737408369779587,
            "count": 400
        },
        "OvercookedAgent.Policy.ExtrinsicValueEstimate.sum": {
            "value": -16.56834602355957,
            "min": -62.972312927246094,
            "max": -8.824782371520996,
            "count": 400
        },
        "OvercookedAgent.Policy.CuriosityValueEstimate.mean": {
            "value": 0.00044533502659760416,
            "min": -0.010646780952811241,
            "max": 16.706283569335938,
            "count": 400
        },
        "OvercookedAgent.Policy.CuriosityValueEstimate.sum": {
            "value": 0.04453350231051445,
            "min": -1.0753248929977417,
            "max": 1653.9219970703125,
            "count": 400
        },
        "OvercookedAgent.Environment.EpisodeLength.mean": {
            "value": 8465.5,
            "min": 5265.5,
            "max": 9982.5,
            "count": 400
        },
        "OvercookedAgent.Environment.EpisodeLength.sum": {
            "value": 16931.0,
            "min": 16931.0,
            "max": 35111.0,
            "count": 400
        },
        "OvercookedAgent.Environment.CumulativeReward.mean": {
            "value": -14.0,
            "min": -16.5,
            "max": -8.5,
            "count": 400
        },
        "OvercookedAgent.Environment.CumulativeReward.sum": {
            "value": -28.0,
            "min": -56.0,
            "max": -28.0,
            "count": 400
        },
        "OvercookedAgent.Policy.ExtrinsicReward.mean": {
            "value": -14.0,
            "min": -16.5,
            "max": -8.5,
            "count": 400
        },
        "OvercookedAgent.Policy.ExtrinsicReward.sum": {
            "value": -28.0,
            "min": -56.0,
            "max": -28.0,
            "count": 400
        },
        "OvercookedAgent.Policy.CuriosityReward.mean": {
            "value": 0.0009646493666082279,
            "min": 4.548929038368973e-05,
            "max": 2039.5729463001092,
            "count": 400
        },
        "OvercookedAgent.Policy.CuriosityReward.sum": {
            "value": 0.0019292987332164557,
            "min": 0.00013646787115106918,
            "max": 6118.718838900328,
            "count": 400
        },
        "OvercookedAgent.Losses.PolicyLoss.mean": {
            "value": 0.032784944224840726,
            "min": 0.027767642757400304,
            "max": 0.04028861762150579,
            "count": 400
        },
        "OvercookedAgent.Losses.PolicyLoss.sum": {
            "value": 0.06556988844968145,
            "min": 0.05553528551480061,
            "max": 0.11805596348494873,
            "count": 400
        },
        "OvercookedAgent.Losses.ValueLoss.mean": {
            "value": 0.0031146525657580544,
            "min": 0.0030384021520148963,
            "max": 5.599384747776721,
            "count": 400
        },
        "OvercookedAgent.Losses.ValueLoss.sum": {
            "value": 0.006229305131516109,
            "min": 0.006102059364396457,
            "max": 16.798154243330163,
            "count": 400
        },
        "OvercookedAgent.Policy.LearningRate.mean": {
            "value": 1.6209244600249112e-07,
            "min": 1.6209244600249112e-07,
            "max": 0.00014976821007728,
            "count": 400
        },
        "OvercookedAgent.Policy.LearningRate.sum": {
            "value": 3.2418489200498224e-07,
            "min": 3.2418489200498224e-07,
            "max": 0.0004472176659274951,
            "count": 400
        },
        "OvercookedAgent.Policy.Epsilon.mean": {
            "value": 0.100107995,
            "min": 0.100107995,
            "max": 0.19984543999999999,
            "count": 400
        },
        "OvercookedAgent.Policy.Epsilon.sum": {
            "value": 0.20021599,
            "min": 0.20021599,
            "max": 0.5981450100000001,
            "count": 400
        },
        "OvercookedAgent.Policy.Beta.mean": {
            "value": 1.2694475249999853e-05,
            "min": 1.2694475249999853e-05,
            "max": 0.0025011437280000014,
            "count": 400
        },
        "OvercookedAgent.Policy.Beta.sum": {
            "value": 2.5388950499999707e-05,
            "min": 2.5388950499999707e-05,
            "max": 0.007468717999500002,
            "count": 400
        },
        "OvercookedAgent.Losses.CuriosityForwardLoss.mean": {
            "value": 4.081974512549399e-05,
            "min": 5.487376583346304e-07,
            "max": 68635759671281.44,
            "count": 400
        },
        "OvercookedAgent.Losses.CuriosityForwardLoss.sum": {
            "value": 8.163949025098798e-05,
            "min": 1.0974753166692607e-06,
            "max": 205907279013844.3,
            "count": 400
        },
        "OvercookedAgent.Losses.CuriosityInverseLoss.mean": {
            "value": 143.25439523061118,
            "min": 9.674105093876522,
            "max": 414251930519.4908,
            "count": 400
        },
        "OvercookedAgent.Losses.CuriosityInverseLoss.sum": {
            "value": 286.50879046122236,
            "min": 19.348210187753043,
            "max": 1242755791558.4724,
            "count": 400
        },
        "OvercookedAgent.IsTraining.mean": {
            "value": 1.0,
            "min": 1.0,
            "max": 1.0,
            "count": 400
        },
        "OvercookedAgent.IsTraining.sum": {
            "value": 1.0,
            "min": 1.0,
            "max": 1.0,
            "count": 400
        }
    },
    "metadata": {
        "timer_format_version": "0.1.0",
        "start_time_seconds": "1753823175",
        "python_version": "3.9.13 (tags/v3.9.13:6de2ca5, May 17 2022, 16:36:42) [MSC v.1929 64 bit (AMD64)]",
        "command_line_arguments": "E:\\Projects\\Unity\\Masters-ML-Agent-Project\\venv\\Scripts\\mlagents-learn config/OvercookedAgent.yaml --run-id=LongTest4 --resume",
        "mlagents_version": "0.30.0",
        "mlagents_envs_version": "0.30.0",
        "communication_protocol_version": "1.5.0",
        "pytorch_version": "2.7.1+cpu",
        "numpy_version": "1.21.2",
        "end_time_seconds": "1753852439"
    },
    "total": 29263.5718962,
    "count": 1,
    "self": 0.005356099998607533,
    "children": {
        "run_training.setup": {
            "total": 0.050991200000000125,
            "count": 1,
            "self": 0.050991200000000125
        },
        "TrainerController.start_learning": {
            "total": 29263.5155489,
            "count": 1,
            "self": 85.49511060287841,
            "children": {
                "TrainerController._reset_env": {
                    "total": 5.4405843,
                    "count": 1,
                    "self": 5.4405843
                },
                "TrainerController.advance": {
                    "total": 29172.53175969712,
                    "count": 10000155,
                    "self": 80.31081499721404,
                    "children": {
                        "env_step": {
                            "total": 26169.875607098485,