{
    "name": "root",
    "metadata": {
        "timer_format_version": "0.1.0",
        "start_time_seconds": "1757019111",
        "python_version": "3.9.13 (tags/v3.9.13:6de2ca5, May 17 2022, 16:36:42) [MSC v.1929 64 bit (AMD64)]",
        "command_line_arguments": "E:\\Projects\\Unity\\Masters-ML-Agent-Project\\venv\\Scripts\\mlagents-learn config/OvercookedAgent.yaml --run-id=StaticTestNormalised2 --resume",
        "mlagents_version": "0.30.0",
        "mlagents_envs_version": "0.30.0",
        "communication_protocol_version": "1.5.0",
        "pytorch_version": "2.7.1+cpu",
        "numpy_version": "1.21.2",
        "end_time_seconds": "1757019190"
    },
    "total": 79.0345978,
    "count": 1,
    "self": 0.002866999999994846,
    "children": {
        "run_training.setup": {
            "total": 0.06071499999999985,
            "count": 1,
            "self": 0.06071499999999985
        },
        "TrainerController.start_learning": {
            "total": 78.9710158,
            "count": 1,
            "self": 0.20272829999984765,
            "children": {
                "TrainerController._reset_env": {
                    "total": 7.9328453,
                    "count": 1,
                    "self": 7.9328453
                },
                "TrainerController.advance": {
                    "total": 70.77931890000016,
                    "count": 24851,
                    "self": 0.19251869999922633,
                    "children": {
                        "env_step": {
                            "total": 64.01899490000098,
                            "count": 24851,
                            "self": 48.23666690000052,
                            "children": {
                                "SubprocessEnvManager._take_step": {
                                    "total": 15.634398699999725,
                                    "count": 24851,
                                    "self": 0.6051724999996946,
                                    "children": {
                                        "TorchPolicy.evaluate": {
                                            "total": 15.02922620000003,
                                            "count": 24851,
                                            "self": 15.02922620000003
                                        }
                                    }
                                },
                                "workers": {
                                    "total": 0.14792930000072957,
                                    "count": 24850,
                                    "self": 0.0,
                                    "children": {
                                        "worker_root": {
                                            "total": 68.1036728000002,
                                            "count": 24850,
                                            "is_parallel": true,
                                            "self": 33.97406629999965,
                                            "children": {
                                                "steps_from_proto": {
                                                    "total": 0.0004011999999997684,
                                                    "count": 1,
                                                    "is_parallel": true,
                                                    "self": 0.00014699999999923108,
                                                    "children": {
                                                        "_process_rank_one_or_two_observation": {
                                                            "total": 0.00025420000000053733,
                                                            "count": 2,
                                                            "is_parallel": true,
                                                            "self": 0.00025420000000053733
                                                        }
                                                    }
                                                },
                                                "UnityEnvironment.step": {
                                                    "total": 34.12920530000055,
                                                    "count": 24850,
                                                    "is_parallel": true,
                                                    "self": 1.2107168000032402,
                                                    "children": {
                                                        "UnityEnvironment._generate_step_input": {
                                                            "total": 0.7003400999999059,
                                                            "count": 24850,
                                                            "is_parallel": true,
                                                            "self": 0.7003400999999059
                                                        },
                                                        "communicator.exchange": {
                                                            "total": 28.185781599998627,
                                                            "count": 24850,
                                                            "is_parallel": true,
                                                            "self": 28.185781599998627
                                                        },
                                                        "steps_from_proto": {
                                                            "total": 4.0323667999987745,
                                                            "count": 24850,
                                                            "is_parallel": true,
                                                            "self": 1.580650899999867,
                                                            "children": {
                                                                "_process_rank_one_or_two_observation": {
                                                                    "total": 2.4517158999989075,
                                                                    "count": 49700,
                                                                    "is_parallel": true,
                                                                    "self": 2.4517158999989075
                                                                }
                                                            }
                                                        }
                                                    }
                                                }
                                            }
                                        }
                                    }
                                }
                            }
                        },
                        "trainer_advance": {
                            "total": 6.5678052999999625,
                            "count": 24850,
                            "self": 0.24767239999984447,
                            "children": {
                                "process_trajectory": {
                                    "total": 1.1293293000001228,
                                    "count": 24850,
                                    "self": 1.1293293000001228
                                },
                                "_update_policy": {
                                    "total": 5.190803599999995,
                                    "count": 2,
                                    "self": 2.962567299999968,
                                    "children": {
                                        "TorchPPOOptimizer.update": {
                                            "total": 2.2282363000000274,
                                            "count": 50,