{
    "name": "root",
    "gauges": {
        "OvercookedAgent.Policy.Entropy.mean": {
            "value": 1.0553516149520874,
            "min": 1.0158504247665405,
            "max": 1.3235881328582764,
            "count": 800
        },
        "OvercookedAgent.Policy.Entropy.sum": {
            "value": 26317.302734375,
            "min": 24949.9296875,
            "max": 33607.2265625,
            "count": 800
        },
        "OvercookedAgent.Step.mean": {
            "value": 119999541.0,
            "min": 100024596.0,
            "max": 119999541.0,
            "count": 800
        },
        "OvercookedAgent.Step.sum": {
            "value": 119999541.0,
            "min": 100024596.0,
            "max": 119999541.0,
            "count": 800
        },
        "OvercookedAgent.Policy.ExtrinsicValueEstimate.mean": {
            "value": 0.06171097606420517,
            "min": 0.011495408602058887,
            "max": 0.19372181594371796,
            "count": 800
        },
        "OvercookedAgent.Policy.ExtrinsicValueEstimate.sum": {
            "value": 3.332392692565918,
            "min": 0.574770450592041,
            "max": 11.042143821716309,
            "count": 800
        },
        "OvercookedAgent.Environment.EpisodeLength.mean": {
            "value": 1225.6190476190477,
            "min": 876.925925925926,
            "max": 1498.4705882352941,
            "count": 800
        },
        "OvercookedAgent.Environment.EpisodeLength.sum": {
            "value": 25738.0,
            "min": 22325.0,
            "max": 27971.0,
            "count": 800
        },
        "OvercookedAgent.Environment.CumulativeReward.mean": {
            "value": 1.301110776513815,
            "min": 0.17894716168704786,
            "max": 2.449572383784331,
            "count": 800
        },
        "OvercookedAgent.Environment.CumulativeReward.sum": {
            "value": 26.0222155302763,
            "min": 3.3999960720539093,
            "max": 63.6888819783926,
            "count": 800
        },
        "OvercookedAgent.Policy.ExtrinsicReward.mean": {
            "value": 1.301110776513815,
            "min": 0.17894716168704786,
            "max": 2.449572383784331,
            "count": 800
        },
        "OvercookedAgent.Policy.ExtrinsicReward.sum": {
            "value": 26.0222155302763,
            "min": 3.3999960720539093,
            "max": 63.6888819783926,
            "count": 800
        },
        "OvercookedAgent.Losses.PolicyLoss.mean": {
            "value": 0.017911753071821294,
            "min": 0.011124910486396402,
            "max": 0.021294376442674547,
            "count": 800
        },
        "OvercookedAgent.Losses.PolicyLoss.sum": {
            "value": 0.03582350614364259,
            "min": 0.022249820972792805,
            "max": 0.06082314755767583,
            "count": 800
        },
        "OvercookedAgent.Losses.ValueLoss.mean": {
            "value": 0.02323527239263058,
            "min": 0.0075604062620550395,
            "max": 0.03790786575525999,
            "count": 800
        },
        "OvercookedAgent.Losses.ValueLoss.sum": {
            "value": 0.04647054478526116,
            "min": 0.015120812524110079,
            "max": 0.10362997792661191,
            "count": 800
        },
        "OvercookedAgent.Policy.LearningRate.mean": {
            "value": 3.387498874165812e-08,
            "min": 3.387498874165812e-08,
            "max": 4.996090709639207e-05,
            "count": 800
        },
        "OvercookedAgent.Policy.LearningRate.sum": {
            "value": 6.774997748331624e-08,
            "min": 6.774997748331624e-08,
            "max": 0.00014952766265752916,
            "count": 800
        },
        "OvercookedAgent.Policy.Epsilon.mean": {
            "value": 0.10000562916666667,
            "min": 0.10000562916666667,
            "max": 0.10832680395833336,
            "count": 800
        },
        "OvercookedAgent.Policy.Epsilon.sum": {
            "value": 0.20001125833333333,
            "min": 0.20001125833333333,
            "max": 0.3249212354166667,
            "count": 800
        },
        "OvercookedAgent.Policy.Beta.mean": {
            "value": 1.0561790833333193e-05,
            "min": 1.0561790833333193e-05,
            "max": 0.0008410150350416665,
            "count": 800
        },
        "OvercookedAgent.Policy.Beta.sum": {
            "value": 2.1123581666666385e-05,
            "min": 2.1123581666666385e-05,
            "max": 0.0025171392945833333,
            "count": 800
        },
        "OvercookedAgent.IsTraining.mean": {
            "value": 1.0,
            "min": 1.0,
            "max": 1.0,
            "count": 800
        },
        "OvercookedAgent.IsTraining.sum": {
            "value": 1.0,
            "min": 1.0,
            "max": 1.0,
            "count": 800
        }
    },
    "metadata": {
        "timer_format_version": "0.1.0",
        "start_time_seconds": "1756968345",
        "python_version": "3.9.13 (tags/v3.9.13:6de2ca5, May 17 2022, 16:36:42) [MSC v.1929 64 bit (AMD64)]",
        "command_line_arguments": "E:\\Projects\\Unity\\Masters-ML-Agent-Project\\venv\\Scripts\\mlagents-learn config/OvercookedAgent.yaml --run-id=RandomMassTraining --env=Builds/MLAgentProject.exe --num-envs=3 --resume",
        "mlagents_version": "0.30.0",
        "mlagents_envs_version": "0.30.0",
        "communication_protocol_version": "1.5.0",
        "pytorch_version": "2.7.1+cpu",
        "numpy_version": "1.21.2",
        "end_time_seconds": "1756990645"
    },
    "total": 22299.5982535,
    "count": 1,
    "self": 0.6600466000018059,
    "children": {
        "run_training.setup": {
            "total": 0.15059679999999998,
            "count": 1,
            "self": 0.15059679999999998
        },
        "TrainerController.start_learning": {
            "total": 22298.7876101,
            "count": 1,
            "self": 126.8610038968909,
            "children": {
                "TrainerController._reset_env": {
                    "total": 5.9281866,
                    "count": 1,
                    "self": 5.9281866
                },
                "TrainerController.advance": {
                    "total": 22165.967490303112,
                    "count": 18786069,
                    "self": 126.09474069336284,
                    "children": {
                        "env_step": {
                            "total": 16600.071739503466,
                            "count": 18786069,
                            "self": 5486.624063003499,
                            "children": {
                                "SubprocessEnvManager._take_step": {
                                    "total": 11019.630856198695,
                                    "count": 20000521,
                                    "self": 436.30517290272655,
                                    "children": {
                                        "TorchPolicy.evaluate": {
                                            "total": 10583.325683295969,
                                            "count": 20000521,
                                            "self": 10583.325683295969
                                        }
                                    }
                                },
                                "workers": {
                                    "total": 93.81682030127271,
                                    "count": 18786069,
                                    "self": 0.0,
                                    "children": {
                                        "worker_root": {
                                            "total": 66618.82153651389,
                                            "count": 20000519,
                                            "is_parallel": true,
                                            "self": 40270.12561551736,