{
    "name": "root",
    "gauges": {
        "OvercookedAgent.Policy.Entropy.mean": {
            "value": 1.9339659214019775,
            "min": 1.8924822807312012,
            "max": 2.1110384464263916,
            "count": 400
        },
        "OvercookedAgent.Policy.Entropy.sum": {
            "value": 48395.5625,
            "min": 47357.4765625,
            "max": 52828.734375,
            "count": 400
        },
        "OvercookedAgent.Step.mean": {
            "value": 9999913.0,
            "min": 24513.0,
            "max": 9999913.0,
            "count": 400
        },
        "OvercookedAgent.Step.sum": {
            "value": 9999913.0,
            "min": 24513.0,
            "max": 9999913.0,
            "count": 400
        },
        "OvercookedAgent.Policy.ExtrinsicValueEstimate.mean": {
            "value": 0.03470586612820625,
            "min": -0.07845038920640945,
            "max": 0.09094668179750443,
            "count": 400
        },
        "OvercookedAgent.Policy.ExtrinsicValueEstimate.sum": {
            "value": 1.7352933883666992,
            "min": -3.844069004058838,
            "max": 4.54733419418335,
            "count": 400
        },
        "OvercookedAgent.Environment.EpisodeLength.mean": {
            "value": 1499.0,
            "min": 1425.888888888889,
            "max": 1499.0625,
            "count": 400
        },
        "OvercookedAgent.Environment.EpisodeLength.sum": {
            "value": 23984.0,
            "min": 23768.0,
            "max": 26365.0,
            "count": 400
        },
        "OvercookedAgent.Environment.CumulativeReward.mean": {
            "value": 0.9882353474112118,
            "min": -1.0000000046566129,
            "max": 1.285620904144119,
            "count": 400
        },
        "OvercookedAgent.Environment.CumulativeReward.sum": {
            "value": 16.8000009059906,
            "min": -16.000000074505806,
            "max": 21.900000028312206,
            "count": 400
        },
        "OvercookedAgent.Policy.ExtrinsicReward.mean": {
            "value": 0.9882353474112118,
            "min": -1.0000000046566129,
            "max": 1.285620904144119,
            "count": 400
        },
        "OvercookedAgent.Policy.ExtrinsicReward.sum": {
            "value": 16.8000009059906,
            "min": -16.000000074505806,
            "max": 21.900000028312206,
            "count": 400
        },
        "OvercookedAgent.Losses.PolicyLoss.mean": {
            "value": 0.015353480423000294,
            "min": 0.010635827186924872,
            "max": 0.020747052423539573,
            "count": 400
        },
        "OvercookedAgent.Losses.PolicyLoss.sum": {
            "value": 0.030706960846000587,
            "min": 0.021271654373849744,
            "max": 0.060501407071715224,
            "count": 400
        },
        "OvercookedAgent.Losses.ValueLoss.mean": {
            "value": 0.0027403730573132635,
            "min": 0.0015442313253879547,
            "max": 0.01506247267127037,
            "count": 400
        },
        "OvercookedAgent.Losses.ValueLoss.sum": {
            "value": 0.005480746114626527,
            "min": 0.0032447336567565798,
            "max": 0.03441059074830264,
            "count": 400
        },
        "OvercookedAgent.Policy.LearningRate.mean": {
            "value": 3.248498917499959e-07,
            "min": 3.248498917499959e-07,
            "max": 0.00029952747015751,
            "count": 400
        },
        "OvercookedAgent.Policy.LearningRate.sum": {
            "value": 6.496997834999918e-07,
            "min": 6.496997834999918e-07,
            "max": 0.0008943299118900299,
            "count": 400
        },
        "OvercookedAgent.Policy.Epsilon.mean": {
            "value": 0.100054125,
            "min": 0.100054125,
            "max": 0.14992124499999998,
            "count": 400
        },
        "OvercookedAgent.Policy.Epsilon.sum": {
            "value": 0.20010825,
            "min": 0.20010825,
            "max": 0.44905498499999996,
            "count": 400
        },
        "OvercookedAgent.Policy.Beta.mean": {
            "value": 1.5401674999999932e-05,
            "min": 1.5401674999999932e-05,
            "max": 0.004992140250999999,
            "count": 400
        },
        "OvercookedAgent.Policy.Beta.sum": {
            "value": 3.0803349999999865e-05,
            "min": 3.0803349999999865e-05,
            "max": 0.014905687503,
            "count": 400
        },
        "OvercookedAgent.IsTraining.mean": {
            "value": 1.0,
            "min": 1.0,
            "max": 1.0,
            "count": 400
        },
        "OvercookedAgent.IsTraining.sum": {
            "value": 1.0,
            "min": 1.0,
            "max": 1.0,
            "count": 400
        }
    },
    "metadata": {
        "timer_format_version": "0.1.0",
        "start_time_seconds": "1755127338",
        "python_version": "3.9.13 (tags/v3.9.13:6de2ca5, May 17 2022, 16:36:42) [MSC v.1929 64 bit (AMD64)]",
        "command_line_arguments": "E:\\Projects\\Unity\\Masters-ML-Agent-Project\\venv\\Scripts\\mlagents-learn config/OvercookedAgent.yaml --run-id=StaticTest6",
        "mlagents_version": "0.30.0",
        "mlagents_envs_version": "0.30.0",
        "communication_protocol_version": "1.5.0",
        "pytorch_version": "2.7.1+cpu",
        "numpy_version": "1.21.2",
        "end_time_seconds": "1755155582"
    },
    "total": 28243.8062617,
    "count": 1,
    "self": 0.00410349999947357,
    "children": {
        "run_training.setup": {
            "total": 0.056233100000000036,
            "count": 1,
            "self": 0.056233100000000036
        },
        "TrainerController.start_learning": {
            "total": 28243.7459251,
            "count": 1,
            "self": 94.59306980526526,
            "children": {
                "TrainerController._reset_env": {
                    "total": 9.29072,
                    "count": 1,
                    "self": 9.29072
                },
                "TrainerController.advance": {
                    "total": 28139.822562294736,
                    "count": 10000425,
                    "self": 90.03512018689798,
                    "children": {
                        "env_step": {
                            "total": 25014.419960805073,
                            "count": 10000425,
                            "self": 18509.525642013054,
                            "children": {
                                "SubprocessEnvManager._take_step": {
                                    "total": 6440.735195090098,
                                    "count": 10000425,
                                    "self": 259.9048658894726,
                                    "children": {
                                        "TorchPolicy.evaluate": {
                                            "total": 6180.830329200626,
                                            "count": 10000425,
                                            "self": 6180.830329200626
                                        }
                                    }
                                },
                                "workers": {
                                    "total": 64.15912370192216,
                                    "count": 10000425,
                                    "self": 0.0,
                                    "children": {
                                        "worker_root": {
                                            "total": 28115.44481980031,
                                            "count": 10000425,
                                            "is_parallel": true,
                                            "self": 13982.15293830314,
                                            "children": {
                                                "steps_from_proto": {
                                                    "total": 0.0009809000000000623,