{
    "name": "root",
    "gauges": {
        "OvercookedAgent.Policy.Entropy.mean": {
            "value": 2.1376123428344727,
            "min": 1.9415420293807983,
            "max": 2.2003393173217773,
            "count": 200
        },
        "OvercookedAgent.Policy.Entropy.sum": {
            "value": 53493.75,
            "min": 48495.8359375,
            "max": 55048.08984375,
            "count": 200
        },
        "OvercookedAgent.Step.mean": {
            "value": 4999971.0,
            "min": 24974.0,
            "max": 4999971.0,
            "count": 200
        },
        "OvercookedAgent.Step.sum": {
            "value": 4999971.0,
            "min": 24974.0,
            "max": 4999971.0,
            "count": 200
        },
        "OvercookedAgent.Policy.ExtrinsicValueEstimate.mean": {
            "value": -0.022912492975592613,
            "min": -0.12093524634838104,
            "max": 0.0004638834798242897,
            "count": 200
        },
        "OvercookedAgent.Policy.ExtrinsicValueEstimate.sum": {
            "value": -9.004610061645508,
            "min": -47.4066162109375,
            "max": 0.18184232711791992,
            "count": 200
        },
        "OvercookedAgent.Environment.EpisodeLength.mean": {
            "value": 8276.666666666666,
            "min": 7094.75,
            "max": 9999.0,
            "count": 200
        },
        "OvercookedAgent.Environment.EpisodeLength.sum": {
            "value": 24830.0,
            "min": 15298.0,
            "max": 28379.0,
            "count": 200
        },
        "OvercookedAgent.Environment.CumulativeReward.mean": {
            "value": -1.600000023841858,
            "min": -4.866666734218597,
            "max": -1.500000026077032,
            "count": 200
        },
        "OvercookedAgent.Environment.CumulativeReward.sum": {
            "value": -4.800000071525574,
            "min": -14.600000202655792,
            "max": -3.000000052154064,
            "count": 200
        },
        "OvercookedAgent.Policy.ExtrinsicReward.mean": {
            "value": -1.600000023841858,
            "min": -4.866666734218597,
            "max": -1.500000026077032,
            "count": 200
        },
        "OvercookedAgent.Policy.ExtrinsicReward.sum": {
            "value": -4.800000071525574,
            "min": -14.600000202655792,
            "max": -3.000000052154064,
            "count": 200
        },
        "OvercookedAgent.Losses.PolicyLoss.mean": {
            "value": 0.03190947054707876,
            "min": 0.02761878682358656,
            "max": 0.040021531386749604,
            "count": 200
        },
        "OvercookedAgent.Losses.PolicyLoss.sum": {
            "value": 0.09572841164123627,
            "min": 0.05523757364717312,
            "max": 0.11786441170261241,
            "count": 200
        },
        "OvercookedAgent.Losses.ValueLoss.mean": {
            "value": 0.0002536675852348304,
            "min": 0.00021829635843459983,
            "max": 0.007770815235562623,
            "count": 200
        },
        "OvercookedAgent.Losses.ValueLoss.sum": {
            "value": 0.0007610027557044912,
            "min": 0.00043659271686919966,
            "max": 0.015541630471125245,
            "count": 200
        },
        "OvercookedAgent.Policy.LearningRate.mean": {
            "value": 7.330597556800049e-07,
            "min": 7.330597556800049e-07,
            "max": 0.00029907696030768006,
            "count": 200
        },
        "OvercookedAgent.Policy.LearningRate.sum": {
            "value": 2.1991792670400146e-06,
            "min": 2.1991792670400146e-06,
            "max": 0.0008889195636934799,
            "count": 200
        },
        "OvercookedAgent.Policy.Epsilon.mean": {
            "value": 0.10024432000000001,
            "min": 0.10024432000000001,
            "max": 0.19969232000000003,
            "count": 200
        },
        "OvercookedAgent.Policy.Epsilon.sum": {
            "value": 0.30073296000000005,
            "min": 0.20151511999999996,
            "max": 0.59630652,
            "count": 200
        },
        "OvercookedAgent.Policy.Beta.mean": {
            "value": 2.2191568000000083e-05,
            "min": 2.2191568000000083e-05,
            "max": 0.004984646768000001,
            "count": 200
        },
        "OvercookedAgent.Policy.Beta.sum": {
            "value": 6.657470400000025e-05,
            "min": 6.657470400000025e-05,
            "max": 0.014815695347999999,
            "count": 200
        },
        "OvercookedAgent.IsTraining.mean": {
            "value": 1.0,
            "min": 1.0,
            "max": 1.0,
            "count": 200
        },
        "OvercookedAgent.IsTraining.sum": {
            "value": 1.0,
            "min": 1.0,
            "max": 1.0,
            "count": 200
        }
    },
    "metadata": {
        "timer_format_version": "0.1.0",
        "start_time_seconds": "1753218833",
        "python_version": "3.9.13 (tags/v3.9.13:6de2ca5, May 17 2022, 16:36:42) [MSC v.1929 64 bit (AMD64)]",
        "command_line_arguments": "E:\\Projects\\Unity\\Masters-ML-Agent-Project\\venv\\Scripts\\mlagents-learn config/OvercookedAgent.yaml --run-id=LongTest",
        "mlagents_version": "0.30.0",
        "mlagents_envs_version": "0.30.0",
        "communication_protocol_version": "1.5.0",
        "pytorch_version": "2.7.1+cpu",
        "numpy_version": "1.21.2",
        "end_time_seconds": "1753230419"
    },
    "total": 11585.8298087,
    "count": 1,
    "self": 0.004761300000609481,
    "children": {
        "run_training.setup": {
            "total": 0.07786479999999996,
            "count": 1,
            "self": 0.07786479999999996
        },
        "TrainerController.start_learning": {
            "total": 11585.7471826,
            "count": 1,
            "self": 34.04749320173505,
            "children": {
                "TrainerController._reset_env": {
                    "total": 7.738090100000001,
                    "count": 1,
                    "self": 7.738090100000001
                },
                "TrainerController.advance": {
                    "total": 11543.916082798265,
                    "count": 5000035,
                    "self": 33.420079295972755,
                    "children": {
                        "env_step": {
                            "total": 10681.312561201312,
                            "count": 5000035,
                            "self": 8074.446371203596,
                            "children": {
                                "SubprocessEnvManager._take_step": {
                                    "total": 2582.070940899516,
                                    "count": 5000035,
                                    "self": 105.45126659887092,
                                    "children": {
                                        "TorchPolicy.evaluate": {
                                            "total": 2476.619674300645,
                                            "count": 5000035,
                                            "self": 2476.619674300645
                                        }
                                    }
                                },
                                "workers": {
                                    "total": 24.795249098200557,
                                    "count": 5000035,
                                    "self": 0.0,
                                    "children": {
                                        "worker_root": {
                                            "total": 11531.084976000182,
                                            "count": 5000035,
                                            "is_parallel": true,
                                            "self": 5199.278076298943,