{
    "name": "root",
    "gauges": {
        "OvercookedAgent.Policy.Entropy.mean": {
            "value": 2.279369592666626,
            "min": 2.0078728199005127,
            "max": 2.3121092319488525,
            "count": 400
        },
        "OvercookedAgent.Policy.Entropy.sum": {
            "value": 56956.88671875,
            "min": 50172.7265625,
            "max": 58003.23046875,
            "count": 400
        },
        "OvercookedAgent.Step.mean": {
            "value": 9999984.0,
            "min": 24513.0,
            "max": 9999984.0,
            "count": 400
        },
        "OvercookedAgent.Step.sum": {
            "value": 9999984.0,
            "min": 24513.0,
            "max": 9999984.0,
            "count": 400
        },
        "OvercookedAgent.Policy.ExtrinsicValueEstimate.mean": {
            "value": 0.027060993015766144,
            "min": -0.02481876127421856,
            "max": 0.06725366413593292,
            "count": 400
        },
        "OvercookedAgent.Policy.ExtrinsicValueEstimate.sum": {
            "value": 1.353049635887146,
            "min": -1.2409380674362183,
            "max": 3.362683057785034,
            "count": 400
        },
        "OvercookedAgent.Environment.EpisodeLength.mean": {
            "value": 1499.0,
            "min": 1392.5,
            "max": 1499.0625,
            "count": 400
        },
        "OvercookedAgent.Environment.EpisodeLength.sum": {
            "value": 25483.0,
            "min": 23984.0,
            "max": 26182.0,
            "count": 400
        },
        "OvercookedAgent.Environment.CumulativeReward.mean": {
            "value": 0.8294117805712363,
            "min": -1.2588235358981525,
            "max": 1.2062500640749931,
            "count": 400
        },
        "OvercookedAgent.Environment.CumulativeReward.sum": {
            "value": 14.100000269711018,
            "min": -21.400000110268593,
            "max": 19.411111131310463,
            "count": 400
        },
        "OvercookedAgent.Policy.ExtrinsicReward.mean": {
            "value": 0.8294117805712363,
            "min": -1.2588235358981525,
            "max": 1.2062500640749931,
            "count": 400
        },
        "OvercookedAgent.Policy.ExtrinsicReward.sum": {
            "value": 14.100000269711018,
            "min": -21.400000110268593,
            "max": 19.411111131310463,
            "count": 400
        },
        "OvercookedAgent.Losses.PolicyLoss.mean": {
            "value": 0.016084093714380285,
            "min": 0.012173337188432925,
            "max": 0.021678364553954454,
            "count": 400
        },
        "OvercookedAgent.Losses.PolicyLoss.sum": {
            "value": 0.03216818742876057,
            "min": 0.02434667437686585,
            "max": 0.05887657392653637,
            "count": 400
        },
        "OvercookedAgent.Losses.ValueLoss.mean": {
            "value": 0.001985664728563279,
            "min": 0.001332429772010073,
            "max": 0.007524019442498683,
            "count": 400
        },
        "OvercookedAgent.Losses.ValueLoss.sum": {
            "value": 0.003971329457126558,
            "min": 0.002664859544020146,
            "max": 0.015048038884997367,
            "count": 400
        },
        "OvercookedAgent.Policy.LearningRate.mean": {
            "value": 2.930799023399982e-07,
            "min": 2.930799023399982e-07,
            "max": 0.00029952747015751,
            "count": 400
        },
        "OvercookedAgent.Policy.LearningRate.sum": {
            "value": 5.861598046799964e-07,
            "min": 5.861598046799964e-07,
            "max": 0.0008943335718888099,
            "count": 400
        },
        "OvercookedAgent.Policy.Epsilon.mean": {
            "value": 0.10004883,
            "min": 0.10004883,
            "max": 0.14992124499999998,
            "count": 400
        },
        "OvercookedAgent.Policy.Epsilon.sum": {
            "value": 0.20009766,
            "min": 0.20009766,
            "max": 0.449055595,
            "count": 400
        },
        "OvercookedAgent.Policy.Beta.mean": {
            "value": 1.4873233999999971e-05,
            "min": 1.4873233999999971e-05,
            "max": 0.004992140250999999,
            "count": 400
        },
        "OvercookedAgent.Policy.Beta.sum": {
            "value": 2.9746467999999942e-05,
            "min": 2.9746467999999942e-05,
            "max": 0.014905748380999999,
            "count": 400
        },
        "OvercookedAgent.IsTraining.mean": {
            "value": 1.0,
            "min": 1.0,
            "max": 1.0,
            "count": 400
        },
        "OvercookedAgent.IsTraining.sum": {
            "value": 1.0,
            "min": 1.0,
            "max": 1.0,
            "count": 400
        }
    },
    "metadata": {
        "timer_format_version": "0.1.0",
        "start_time_seconds": "1754950416",
        "python_version": "3.9.13 (tags/v3.9.13:6de2ca5, May 17 2022, 16:36:42) [MSC v.1929 64 bit (AMD64)]",
        "command_line_arguments": "E:\\Projects\\Unity\\Masters-ML-Agent-Project\\venv\\Scripts\\mlagents-learn config/OvercookedAgent.yaml --run-id=StaticTest5",
        "mlagents_version": "0.30.0",
        "mlagents_envs_version": "0.30.0",
        "communication_protocol_version": "1.5.0",
        "pytorch_version": "2.7.1+cpu",
        "numpy_version": "1.21.2",
        "end_time_seconds": "1754978150"
    },
    "total": 27733.1496586,
    "count": 1,
    "self": 0.01461619999827235,
    "children": {
        "run_training.setup": {
            "total": 0.0506145999999994,
            "count": 1,
            "self": 0.0506145999999994
        },
        "TrainerController.start_learning": {
            "total": 27733.0844278,
            "count": 1,
            "self": 83.3075003013364,
            "children": {
                "TrainerController._reset_env": {
                    "total": 8.2611911,
                    "count": 1,
                    "self": 8.2611911
                },
                "TrainerController.advance": {
                    "total": 27641.475971698663,
                    "count": 10000496,
                    "self": 79.99302779537175,
                    "children": {
                        "env_step": {
                            "total": 24547.596396398727,
                            "count": 10000496,
                            "self": 18339.436672701402,
                            "children": {
                                "SubprocessEnvManager._take_step": {
                                    "total": 6147.696605096326,
                                    "count": 10000496,
                                    "self": 243.28975029493995,
                                    "children": {
                                        "TorchPolicy.evaluate": {
                                            "total": 5904.406854801386,
                                            "count": 10000496,
                                            "self": 5904.406854801386
                                        }
                                    }
                                },
                                "workers": {
                                    "total": 60.46311860099799,
                                    "count": 10000496,
                                    "self": 0.0,
                                    "children": {
                                        "worker_root": {
                                            "total": 27607.14017600203,
                                            "count": 10000496,
                                            "is_parallel": true,
                                            "self": 13479.438234098767,
                                            "children": {
                                                "steps_from_proto": {
                                                    "total": 0.0015580000000001704,