{
    "name": "root",
    "metadata": {
        "timer_format_version": "0.1.0",
        "start_time_seconds": "1752606836",
        "python_version": "3.9.13 (tags/v3.9.13:6de2ca5, May 17 2022, 16:36:42) [MSC v.1929 64 bit (AMD64)]",
        "command_line_arguments": "C:\\Users\\adamc\\Desktop\\Masters-ML-Agent-Project\\venv\\Scripts\\mlagents-learn --run-id=Test2",
        "mlagents_version": "0.30.0",
        "mlagents_envs_version": "0.30.0",
        "communication_protocol_version": "1.5.0",
        "pytorch_version": "2.7.1+cpu",
        "numpy_version": "1.21.2",
        "end_time_seconds": "1752607022"
    },
    "total": 186.24741020000002,
    "count": 1,
    "self": 0.0036456999999927575,
    "children": {
        "run_training.setup": {
            "total": 0.01635169999999997,
            "count": 1,
            "self": 0.01635169999999997
        },
        "TrainerController.start_learning": {
            "total": 186.22741280000002,
            "count": 1,
            "self": 0.1825755999999501,
            "children": {
                "TrainerController._reset_env": {
                    "total": 20.496545700000002,
                    "count": 1,
                    "self": 20.496545700000002
                },
                "TrainerController.advance": {
                    "total": 165.48271740000004,
                    "count": 14334,
                    "self": 0.17515039999983628,
                    "children": {
                        "env_step": {
                            "total": 162.74047760000042,
                            "count": 14334,
                            "self": 149.69809409999965,
                            "children": {
                                "SubprocessEnvManager._take_step": {
                                    "total": 12.925443400000326,
                                    "count": 14335,
                                    "self": 0.4784312000001627,
                                    "children": {
                                        "TorchPolicy.evaluate": {
                                            "total": 12.447012200000163,
                                            "count": 14335,
                                            "self": 12.447012200000163
                                        }
                                    }
                                },
                                "workers": {
                                    "total": 0.1169401000004413,
                                    "count": 14333,
                                    "self": 0.0,
                                    "children": {
                                        "worker_root": {
                                            "total": 51.41256930000017,
                                            "count": 14333,
                                            "is_parallel": true,
                                            "self": 24.963059200000348,
                                            "children": {
                                                "steps_from_proto": {
                                                    "total": 0.0007034999999930847,
                                                    "count": 2,
                                                    "is_parallel": true,
                                                    "self": 0.0003024999999858835,
                                                    "children": {
                                                        "_process_rank_one_or_two_observation": {
                                                            "total": 0.00040100000000720115,
                                                            "count": 4,
                                                            "is_parallel": true,
                                                            "self": 0.00040100000000720115
                                                        }
                                                    }
                                                },
                                                "UnityEnvironment.step": {
                                                    "total": 26.44880659999983,
                                                    "count": 14333,
                                                    "is_parallel": true,
                                                    "self": 0.852370699999561,
                                                    "children": {
                                                        "UnityEnvironment._generate_step_input": {
                                                            "total": 0.5366942000002695,
                                                            "count": 14333,
                                                            "is_parallel": true,
                                                            "self": 0.5366942000002695
                                                        },
                                                        "communicator.exchange": {
                                                            "total": 22.241261200000306,
                                                            "count": 14333,
                                                            "is_parallel": true,
                                                            "self": 22.241261200000306
                                                        },
                                                        "steps_from_proto": {
                                                            "total": 2.818480499999694,
                                                            "count": 14333,
                                                            "is_parallel": true,
                                                            "self": 1.3155243999994077,
                                                            "children": {
                                                                "_process_rank_one_or_two_observation": {
                                                                    "total": 1.5029561000002865,
                                                                    "count": 28666,
                                                                    "is_parallel": true,
                                                                    "self": 1.5029561000002865
                                                                }
                                                            }
                                                        }
                                                    }
                                                }
                                            }
                                        }
                                    }
                                }
                            }
                        },
                        "trainer_advance": {
                            "total": 2.567089399999791,
                            "count": 14333,
                            "self": 0.22530609999996187,
                            "children": {
                                "process_trajectory": {
                                    "total": 0.5971620999998244,
                                    "count": 14333,
                                    "self": 0.5971620999998244
                                },
                                "_update_policy": {
                                    "total": 1.7446212000000045,
                                    "count": 1,
                                    "self": 0.9430900000000122,
                                    "children": {
                                        "TorchPPOOptimizer.update": {
                                            "total": 0.8015311999999923,
                                            "count": 30,