{
    "name": "root",
    "gauges": {
        "OvercookedAgent.Policy.Entropy.mean": {
            "value": 1.4847919940948486,
            "min": 1.3275984525680542,
            "max": 2.1147353649139404,
            "count": 400
        },
        "OvercookedAgent.Policy.Entropy.sum": {
            "value": 36954.98828125,
            "min": 33051.890625,
            "max": 52976.234375,
            "count": 400
        },
        "OvercookedAgent.Step.mean": {
            "value": 9999753.0,
            "min": 24795.0,
            "max": 9999753.0,
            "count": 400
        },
        "OvercookedAgent.Step.sum": {
            "value": 9999753.0,
            "min": 24795.0,
            "max": 9999753.0,
            "count": 400
        },
        "OvercookedAgent.Policy.ExtrinsicValueEstimate.mean": {
            "value": 0.1009523794054985,
            "min": -0.07614706456661224,
            "max": 0.22752992808818817,
            "count": 400
        },
        "OvercookedAgent.Policy.ExtrinsicValueEstimate.sum": {
            "value": 10.095237731933594,
            "min": -7.614706516265869,
            "max": 22.98052215576172,
            "count": 400
        },
        "OvercookedAgent.Policy.CuriosityValueEstimate.mean": {
            "value": 0.010763646103441715,
            "min": -0.02043667994439602,
            "max": 54.307830810546875,
            "count": 400
        },
        "OvercookedAgent.Policy.CuriosityValueEstimate.sum": {
            "value": 1.0763646364212036,
            "min": -2.023231267929077,
            "max": 5488.99072265625,
            "count": 400
        },
        "OvercookedAgent.Environment.EpisodeLength.mean": {
            "value": 9404.666666666666,
            "min": 5286.5,
            "max": 9974.0,
            "count": 400
        },
        "OvercookedAgent.Environment.EpisodeLength.sum": {
            "value": 28214.0,
            "min": 17148.0,
            "max": 34145.0,
            "count": 400
        },
        "OvercookedAgent.Environment.CumulativeReward.mean": {
            "value": 9.400000358621279,
            "min": -0.10000000149011612,
            "max": 9.950000401586294,
            "count": 400
        },
        "OvercookedAgent.Environment.CumulativeReward.sum": {
            "value": 28.200001075863838,
            "min": -0.20000000298023224,
            "max": 34.100001350045204,
            "count": 400
        },
        "OvercookedAgent.Policy.ExtrinsicReward.mean": {
            "value": 9.400000358621279,
            "min": -0.10000000149011612,
            "max": 9.950000401586294,
            "count": 400
        },
        "OvercookedAgent.Policy.ExtrinsicReward.sum": {
            "value": 28.200001075863838,
            "min": -0.20000000298023224,
            "max": 34.100001350045204,
            "count": 400
        },
        "OvercookedAgent.Policy.CuriosityReward.mean": {
            "value": 2.308237140881829,
            "min": 0.31587605812819675,
            "max": 4816.680340759456,
            "count": 400
        },
        "OvercookedAgent.Policy.CuriosityReward.sum": {
            "value": 6.924711422645487,
            "min": 0.6317521162563935,
            "max": 18058.118046998978,
            "count": 400
        },
        "OvercookedAgent.Losses.PolicyLoss.mean": {
            "value": 0.034716335541694815,
            "min": 0.028439435148660173,
            "max": 0.04159493679928548,
            "count": 400
        },
        "OvercookedAgent.Losses.PolicyLoss.sum": {
            "value": 0.10414900662508444,
            "min": 0.05687887029732035,
            "max": 0.12478481039785644,
            "count": 400
        },
        "OvercookedAgent.Losses.ValueLoss.mean": {
            "value": 0.0012106296677504562,
            "min": 0.00022622924274931695,
            "max": 22.568324143233866,
            "count": 400
        },
        "OvercookedAgent.Losses.ValueLoss.sum": {
            "value": 0.003631889003251369,
            "min": 0.0004524584854986339,
            "max": 45.13664828646773,
            "count": 400
        },
        "OvercookedAgent.Policy.LearningRate.mean": {
            "value": 4.385698538433353e-07,
            "min": 4.385698538433353e-07,
            "max": 0.00029953848015384,
            "count": 400
        },
        "OvercookedAgent.Policy.LearningRate.sum": {
            "value": 1.315709561530006e-06,
            "min": 1.315709561530006e-06,
            "max": 0.0008944267518577499,
            "count": 400
        },
        "OvercookedAgent.Policy.Epsilon.mean": {
            "value": 0.10029231333333333,
            "min": 0.10029231333333333,
            "max": 0.29969232,
            "count": 400
        },
        "OvercookedAgent.Policy.Epsilon.sum": {
            "value": 0.30087694,
            "min": 0.20161184,
            "max": 0.8962844999999999,
            "count": 400
        },
        "OvercookedAgent.Policy.Beta.mean": {
            "value": 1.72932176666667e-05,
            "min": 1.72932176666667e-05,
            "max": 0.004992323384,
            "count": 400
        },
        "OvercookedAgent.Policy.Beta.sum": {
            "value": 5.18796530000001e-05,
            "min": 5.18796530000001e-05,
            "max": 0.014907298275000005,
            "count": 400
        },
        "OvercookedAgent.Losses.CuriosityForwardLoss.mean": {
            "value": 0.01485910856216732,
            "min": 0.003097298418288119,
            "max": 2.979888834015833e+16,
            "count": 400
        },
        "OvercookedAgent.Losses.CuriosityForwardLoss.sum": {
            "value": 0.04457732568650196,
            "min": 0.006194596836576238,
            "max": 5.959777668031666e+16,
            "count": 400
        },
        "OvercookedAgent.Losses.CuriosityInverseLoss.mean": {
            "value": 215.37602356804743,
            "min": 14.275389424959819,
            "max": 255678662095667.2,
            "count": 400
        },
        "OvercookedAgent.Losses.CuriosityInverseLoss.sum": {
            "value": 646.1280707041423,
            "min": 28.550778849919638,
            "max": 511357324191334.4,
            "count": 400
        },
        "OvercookedAgent.IsTraining.mean": {
            "value": 1.0,
            "min": 1.0,
            "max": 1.0,
            "count": 400
        },
        "OvercookedAgent.IsTraining.sum": {
            "value": 1.0,
            "min": 1.0,
            "max": 1.0,
            "count": 400
        }
    },
    "metadata": {
        "timer_format_version": "0.1.0",
        "start_time_seconds": "1753486834",
        "python_version": "3.9.13 (tags/v3.9.13:6de2ca5, May 17 2022, 16:36:42) [MSC v.1929 64 bit (AMD64)]",
        "command_line_arguments": "E:\\Projects\\Unity\\Masters-ML-Agent-Project\\venv\\Scripts\\mlagents-learn config/OvercookedAgent.yaml --run-id=LongTest3",
        "mlagents_version": "0.30.0",
        "mlagents_envs_version": "0.30.0",
        "communication_protocol_version": "1.5.0",
        "pytorch_version": "2.7.1+cpu",
        "numpy_version": "1.21.2",
        "end_time_seconds": "1753514789"
    },
    "total": 27954.8667193,
    "count": 1,
    "self": 0.01403529999879538,
    "children": {
        "run_training.setup": {
            "total": 0.05628389999999994,
            "count": 1,
            "self": 0.05628389999999994
        },
        "TrainerController.start_learning": {
            "total": 27954.7964001,
            "count": 1,
            "self": 81.74832030011385,
            "children": {
                "TrainerController._reset_env": {
                    "total": 7.153380199999999,
                    "count": 1,
                    "self": 7.153380199999999
                },
                "TrainerController.advance": {
                    "total": 27865.840398499884,
                    "count": 10000009,
                    "self": 83.52563290471153,