{
    "name": "root",
    "gauges": {
        "OvercookedAgent.Policy.Entropy.mean": {
            "value": 1.8383257389068604,
            "min": 1.780733585357666,
            "max": 2.001628875732422,
            "count": 400
        },
        "OvercookedAgent.Policy.Entropy.sum": {
            "value": 46042.70703125,
            "min": 43814.94921875,
            "max": 50506.01953125,
            "count": 400
        },
        "OvercookedAgent.Step.mean": {
            "value": 19999576.0,
            "min": 10024659.0,
            "max": 19999576.0,
            "count": 400
        },
        "OvercookedAgent.Step.sum": {
            "value": 19999576.0,
            "min": 10024659.0,
            "max": 19999576.0,
            "count": 400
        },
        "OvercookedAgent.Policy.ExtrinsicValueEstimate.mean": {
            "value": 0.04708204045891762,
            "min": 0.006529188249260187,
            "max": 0.10260928422212601,
            "count": 400
        },
        "OvercookedAgent.Policy.ExtrinsicValueEstimate.sum": {
            "value": 2.40118408203125,
            "min": 0.3264594078063965,
            "max": 5.3356828689575195,
            "count": 400
        },
        "OvercookedAgent.Environment.EpisodeLength.mean": {
            "value": 1442.1764705882354,
            "min": 1214.0,
            "max": 1499.0625,
            "count": 400
        },
        "OvercookedAgent.Environment.EpisodeLength.sum": {
            "value": 24517.0,
            "min": 23665.0,
            "max": 26314.0,
            "count": 400
        },
        "OvercookedAgent.Environment.CumulativeReward.mean": {
            "value": 0.7379084466134801,
            "min": -0.41875002160668373,
            "max": 1.6005553692579269,
            "count": 400
        },
        "OvercookedAgent.Environment.CumulativeReward.sum": {
            "value": 12.544443592429161,
            "min": -6.70000034570694,
            "max": 32.01110738515854,
            "count": 400
        },
        "OvercookedAgent.Policy.ExtrinsicReward.mean": {
            "value": 0.7379084466134801,
            "min": -0.41875002160668373,
            "max": 1.6005553692579269,
            "count": 400
        },
        "OvercookedAgent.Policy.ExtrinsicReward.sum": {
            "value": 12.544443592429161,
            "min": -6.70000034570694,
            "max": 32.01110738515854,
            "count": 400
        },
        "OvercookedAgent.Losses.PolicyLoss.mean": {
            "value": 0.015036120045551797,
            "min": 0.01034704782810877,
            "max": 0.022015957487747075,
            "count": 400
        },
        "OvercookedAgent.Losses.PolicyLoss.sum": {
            "value": 0.030072240091103594,
            "min": 0.02069409565621754,
            "max": 0.05748976115370169,
            "count": 400
        },
        "OvercookedAgent.Losses.ValueLoss.mean": {
            "value": 0.010395600013434887,
            "min": 0.004706141394563019,
            "max": 0.0834326869994402,
            "count": 400
        },
        "OvercookedAgent.Losses.ValueLoss.sum": {
            "value": 0.020791200026869773,
            "min": 0.009412282789126038,
            "max": 0.1668653739988804,
            "count": 400
        },
        "OvercookedAgent.Policy.LearningRate.mean": {
            "value": 2.1296492904500094e-07,
            "min": 2.1296492904500094e-07,
            "max": 0.00014976159507948503,
            "count": 400
        },
        "OvercookedAgent.Policy.LearningRate.sum": {
            "value": 4.259298580900019e-07,
            "min": 4.259298580900019e-07,
            "max": 0.00044715033094994003,
            "count": 400
        },
        "OvercookedAgent.Policy.Epsilon.mean": {
            "value": 0.1000354775,
            "min": 0.1000354775,
            "max": 0.1249602575,
            "count": 400
        },
        "OvercookedAgent.Policy.Epsilon.sum": {
            "value": 0.200070955,
            "min": 0.200070955,
            "max": 0.37452503,
            "count": 400
        },
        "OvercookedAgent.Policy.Beta.mean": {
            "value": 1.3540654500000016e-05,
            "min": 1.3540654500000016e-05,
            "max": 0.0025010336985000006,
            "count": 400
        },
        "OvercookedAgent.Policy.Beta.sum": {
            "value": 2.7081309000000033e-05,
            "min": 2.7081309000000033e-05,
            "max": 0.0074675979940000015,
            "count": 400
        },
        "OvercookedAgent.IsTraining.mean": {
            "value": 1.0,
            "min": 1.0,
            "max": 1.0,
            "count": 400
        },
        "OvercookedAgent.IsTraining.sum": {
            "value": 1.0,
            "min": 1.0,
            "max": 1.0,
            "count": 400
        }
    },
    "metadata": {
        "timer_format_version": "0.1.0",
        "start_time_seconds": "1756598462",
        "python_version": "3.9.13 (tags/v3.9.13:6de2ca5, May 17 2022, 16:36:42) [MSC v.1929 64 bit (AMD64)]",
        "command_line_arguments": "E:\\Projects\\Unity\\Masters-ML-Agent-Project\\venv\\Scripts\\mlagents-learn config/OvercookedAgent.yaml --run-id=RandomNormalisedTest1 --resume",
        "mlagents_version": "0.30.0",
        "mlagents_envs_version": "0.30.0",
        "communication_protocol_version": "1.5.0",
        "pytorch_version": "2.7.1+cpu",
        "numpy_version": "1.21.2",
        "end_time_seconds": "1756626620"
    },
    "total": 28158.3880759,
    "count": 1,
    "self": 0.005161900000530295,
    "children": {
        "run_training.setup": {
            "total": 0.06612339999999994,
            "count": 1,
            "self": 0.06612339999999994
        },
        "TrainerController.start_learning": {
            "total": 28158.316790599998,
            "count": 1,
            "self": 81.69823179971354,
            "children": {
                "TrainerController._reset_env": {
                    "total": 7.357835600000001,
                    "count": 1,
                    "self": 7.357835600000001
                },
                "TrainerController.advance": {
                    "total": 28069.210048800283,
                    "count": 9999942,
                    "self": 77.75626120253946,
                    "children": {
                        "env_step": {
                            "total": 25064.86070569895,
                            "count": 9999942,
                            "self": 18872.467203696076,
                            "children": {
                                "SubprocessEnvManager._take_step": {
                                    "total": 6133.133610303137,
                                    "count": 9999942,
                                    "self": 246.6065120094072,
                                    "children": {
                                        "TorchPolicy.evaluate": {
                                            "total": 5886.52709829373,
                                            "count": 9999942,
                                            "self": 5886.52709829373
                                        }
                                    }
                                },
                                "workers": {
                                    "total": 59.25989169973788,
                                    "count": 9999942,
                                    "self": 0.0,
                                    "children": {
                                        "worker_root": {
                                            "total": 28032.607273500755,
                                            "count": 9999942,
                                            "is_parallel": true,
                                            "self": 13423.480979404616,