{
    "name": "root",
    "gauges": {
        "OvercookedAgent.Policy.Entropy.mean": {
            "value": 0.6749553084373474,
            "min": 0.6555078029632568,
            "max": 2.1204586029052734,
            "count": 400
        },
        "OvercookedAgent.Policy.Entropy.sum": {
            "value": 16873.8828125,
            "min": 16409.326171875,
            "max": 53596.57421875,
            "count": 400
        },
        "OvercookedAgent.Step.mean": {
            "value": 9999975.0,
            "min": 24596.0,
            "max": 9999975.0,
            "count": 400
        },
        "OvercookedAgent.Step.sum": {
            "value": 9999975.0,
            "min": 24596.0,
            "max": 9999975.0,
            "count": 400
        },
        "OvercookedAgent.Policy.ExtrinsicValueEstimate.mean": {
            "value": 1.7748581171035767,
            "min": -0.08240648359060287,
            "max": 1.7809520959854126,
            "count": 400
        },
        "OvercookedAgent.Policy.ExtrinsicValueEstimate.sum": {
            "value": 857.2564697265625,
            "min": -4.12032413482666,
            "max": 858.4188842773438,
            "count": 400
        },
        "OvercookedAgent.Environment.EpisodeLength.mean": {
            "value": 50.75983436853002,
            "min": 50.75983436853002,
            "max": 1499.0,
            "count": 400
        },
        "OvercookedAgent.Environment.EpisodeLength.sum": {
            "value": 24517.0,
            "min": 23691.0,
            "max": 26382.0,
            "count": 400
        },
        "OvercookedAgent.Environment.CumulativeReward.mean": {
            "value": 2.6655165152026505,
            "min": -1.5816993879921295,
            "max": 2.6655165152026505,
            "count": 400
        },
        "OvercookedAgent.Environment.CumulativeReward.sum": {
            "value": 1287.4444768428802,
            "min": -26.888889595866203,
            "max": 1287.4444768428802,
            "count": 400
        },
        "OvercookedAgent.Policy.ExtrinsicReward.mean": {
            "value": 2.6655165152026505,
            "min": -1.5816993879921295,
            "max": 2.6655165152026505,
            "count": 400
        },
        "OvercookedAgent.Policy.ExtrinsicReward.sum": {
            "value": 1287.4444768428802,
            "min": -26.888889595866203,
            "max": 1287.4444768428802,
            "count": 400
        },
        "OvercookedAgent.Losses.PolicyLoss.mean": {
            "value": 0.015431565029139165,
            "min": 0.01022494459990412,
            "max": 0.022285951054655015,
            "count": 400
        },
        "OvercookedAgent.Losses.PolicyLoss.sum": {
            "value": 0.03086313005827833,
            "min": 0.02044988919980824,
            "max": 0.06179573218454607,
            "count": 400
        },
        "OvercookedAgent.Losses.ValueLoss.mean": {
            "value": 0.006802625535055995,
            "min": 0.0030954058002680544,
            "max": 0.05077264301478863,
            "count": 400
        },
        "OvercookedAgent.Losses.ValueLoss.sum": {
            "value": 0.01360525107011199,
            "min": 0.006945358337834478,
            "max": 0.14589811101555825,
            "count": 400
        },
        "OvercookedAgent.Policy.LearningRate.mean": {
            "value": 3.191048936650055e-07,
            "min": 3.191048936650055e-07,
            "max": 0.0002995278001574,
            "count": 400
        },
        "OvercookedAgent.Policy.LearningRate.sum": {
            "value": 6.38209787330011e-07,
            "min": 6.38209787330011e-07,
            "max": 0.00089431473189509,
            "count": 400
        },
        "OvercookedAgent.Policy.Epsilon.mean": {
            "value": 0.10005316750000001,
            "min": 0.10005316750000001,
            "max": 0.14992129999999998,
            "count": 400
        },
        "OvercookedAgent.Policy.Epsilon.sum": {
            "value": 0.20010633500000002,
            "min": 0.20010633500000002,
            "max": 0.449052455,
            "count": 400
        },
        "OvercookedAgent.Policy.Beta.mean": {
            "value": 1.5306116500000096e-05,
            "min": 1.5306116500000096e-05,
            "max": 0.00499214574,
            "count": 400
        },
        "OvercookedAgent.Policy.Beta.sum": {
            "value": 3.061223300000019e-05,
            "min": 3.061223300000019e-05,
            "max": 0.014905435009,
            "count": 400
        },
        "OvercookedAgent.IsTraining.mean": {
            "value": 1.0,
            "min": 1.0,
            "max": 1.0,
            "count": 400
        },
        "OvercookedAgent.IsTraining.sum": {
            "value": 1.0,
            "min": 1.0,
            "max": 1.0,
            "count": 400
        }
    },
    "metadata": {
        "timer_format_version": "0.1.0",
        "start_time_seconds": "1754689026",
        "python_version": "3.9.13 (tags/v3.9.13:6de2ca5, May 17 2022, 16:36:42) [MSC v.1929 64 bit (AMD64)]",
        "command_line_arguments": "E:\\Projects\\Unity\\Masters-ML-Agent-Project\\venv\\Scripts\\mlagents-learn config/OvercookedAgent.yaml --run-id=StaticTest4",
        "mlagents_version": "0.30.0",
        "mlagents_envs_version": "0.30.0",
        "communication_protocol_version": "1.5.0",
        "pytorch_version": "2.7.1+cpu",
        "numpy_version": "1.21.2",
        "end_time_seconds": "1754716325"
    },
    "total": 27298.738412400002,
    "count": 1,
    "self": 0.01358750000508735,
    "children": {
        "run_training.setup": {
            "total": 0.051110200000000106,
            "count": 1,
            "self": 0.051110200000000106
        },
        "TrainerController.start_learning": {
            "total": 27298.6737147,
            "count": 1,
            "self": 74.12783660051718,
            "children": {
                "TrainerController._reset_env": {
                    "total": 8.0887282,
                    "count": 1,
                    "self": 8.0887282
                },
                "TrainerController.advance": {
                    "total": 27216.420759999484,
                    "count": 10000025,
                    "self": 71.98754179236494,
                    "children": {
                        "env_step": {
                            "total": 24352.551008503466,
                            "count": 10000025,
                            "self": 18650.137046801334,
                            "children": {
                                "SubprocessEnvManager._take_step": {
                                    "total": 5648.735604902036,
                                    "count": 10000025,
                                    "self": 224.53896730060842,
                                    "children": {
                                        "TorchPolicy.evaluate": {
                                            "total": 5424.196637601428,
                                            "count": 10000025,
                                            "self": 5424.196637601428
                                        }
                                    }
                                },
                                "workers": {
                                    "total": 53.67835680009437,
                                    "count": 10000025,
                                    "self": 0.0,
                                    "children": {
                                        "worker_root": {
                                            "total": 27188.77020560129,
                                            "count": 10000025,
                                            "is_parallel": true,
                                            "self": 12411.848389801748,