{
    "name": "root",
    "metadata": {
        "timer_format_version": "0.1.0",
        "start_time_seconds": "1750935801",
        "python_version": "3.10.0 (tags/v3.10.0:b494f59, Oct  4 2021, 19:00:18) [MSC v.1929 64 bit (AMD64)]",
        "command_line_arguments": "D:\\Game Projects\\Unity Projects\\Masters ML Agent Project\\venv\\Scripts\\mlagents-learn",
        "mlagents_version": "0.30.0",
        "mlagents_envs_version": "0.30.0",
        "communication_protocol_version": "1.5.0",
        "pytorch_version": "2.7.1+cpu",
        "numpy_version": "1.21.2",
        "end_time_seconds": "1750935964"
    },
    "total": 163.14279820000047,
    "count": 1,
    "self": 10.056228200000987,
    "children": {
        "run_training.setup": {
            "total": 0.1293452999998408,
            "count": 1,
            "self": 0.1293452999998408
        },
        "TrainerController.start_learning": {
            "total": 152.95722469999964,
            "count": 1,
            "self": 0.0390628000104698,
            "children": {
                "TrainerController._reset_env": {
                    "total": 72.65071989999979,
                    "count": 1,
                    "self": 72.65071989999979
                },
                "TrainerController.advance": {
                    "total": 79.45766629998889,
                    "count": 2267,
                    "self": 0.03488350000225182,
                    "children": {
                        "env_step": {
                            "total": 79.0760038999806,
                            "count": 2267,
                            "self": 76.95785319999595,
                            "children": {
                                "SubprocessEnvManager._take_step": {
                                    "total": 2.09340049999264,
                                    "count": 2268,
                                    "self": 0.11223090000930824,
                                    "children": {
                                        "TorchPolicy.evaluate": {
                                            "total": 1.9811695999833319,
                                            "count": 2267,
                                            "self": 1.9811695999833319
                                        }
                                    }
                                },
                                "workers": {
                                    "total": 0.024750199992013222,
                                    "count": 2266,
                                    "self": 0.0,
                                    "children": {
                                        "worker_root": {
                                            "total": 9.430058399997506,
                                            "count": 2266,
                                            "is_parallel": true,
                                            "self": 4.2486285999975735,
                                            "children": {
                                                "steps_from_proto": {
                                                    "total": 0.000265699999545177,
                                                    "count": 1,
                                                    "is_parallel": true,
                                                    "self": 0.00010469999870110769,
                                                    "children": {
                                                        "_process_rank_one_or_two_observation": {
                                                            "total": 0.0001610000008440693,
                                                            "count": 2,
                                                            "is_parallel": true,
                                                            "self": 0.0001610000008440693
                                                        }
                                                    }
                                                },
                                                "UnityEnvironment.step": {
                                                    "total": 5.181164100000387,
                                                    "count": 2266,
                                                    "is_parallel": true,
                                                    "self": 0.14287799998601258,
                                                    "children": {
                                                        "UnityEnvironment._generate_step_input": {
                                                            "total": 0.11629310000535042,
                                                            "count": 2266,
                                                            "is_parallel": true,
                                                            "self": 0.11629310000535042
                                                        },
                                                        "communicator.exchange": {
                                                            "total": 4.55572009998923,
                                                            "count": 2266,
                                                            "is_parallel": true,
                                                            "self": 4.55572009998923
                                                        },
                                                        "steps_from_proto": {
                                                            "total": 0.3662729000197942,
                                                            "count": 2266,
                                                            "is_parallel": true,
                                                            "self": 0.18638130001363606,
                                                            "children": {
                                                                "_process_rank_one_or_two_observation": {
                                                                    "total": 0.17989160000615811,
                                                                    "count": 4532,
                                                                    "is_parallel": true,
                                                                    "self": 0.17989160000615811
                                                                }
                                                            }
                                                        }
                                                    }
                                                }
                                            }
                                        }
                                    }
                                }
                            }
                        },
                        "trainer_advance": {
                            "total": 0.3467789000060293,
                            "count": 2266,
                            "self": 0.04183030004696775,
                            "children": {
                                "process_trajectory": {
                                    "total": 0.30494859995906154,
                                    "count": 2266,
                                    "self": 0.30494859995906154
                                }
                            }
                        }
                    }
                },
                "trainer_threads": {
                    "total": 9.000004865811206e-07,
                    "count": 1,
                    "self": 9.000004865811206e-07
                },
                "TrainerController._save_models": {
                    "total": 0.8097748000000138,
                    "count": 1,
                    "self": 2.4100000700855162e-05,