{
    "name": "root",
    "metadata": {
        "timer_format_version": "0.1.0",
        "start_time_seconds": "1752607034",
        "python_version": "3.9.13 (tags/v3.9.13:6de2ca5, May 17 2022, 16:36:42) [MSC v.1929 64 bit (AMD64)]",
        "command_line_arguments": "C:\\Users\\adamc\\Desktop\\Masters-ML-Agent-Project\\venv\\Scripts\\mlagents-learn --run-id=Test3",
        "mlagents_version": "0.30.0",
        "mlagents_envs_version": "0.30.0",
        "communication_protocol_version": "1.5.0",
        "pytorch_version": "2.7.1+cpu",
        "numpy_version": "1.21.2",
        "end_time_seconds": "1752607091"
    },
    "total": 57.0325509,
    "count": 1,
    "self": 0.004848099999996691,
    "children": {
        "run_training.setup": {
            "total": 0.016967900000000036,
            "count": 1,
            "self": 0.016967900000000036
        },
        "TrainerController.start_learning": {
            "total": 57.0107349,
            "count": 1,
            "self": 0.13697580000046372,
            "children": {
                "TrainerController._reset_env": {
                    "total": 6.864061400000001,
                    "count": 1,
                    "self": 6.864061400000001
                },
                "TrainerController.advance": {
                    "total": 49.95777499999954,
                    "count": 10329,
                    "self": 0.11847039999925357,
                    "children": {
                        "env_step": {
                            "total": 48.967163300000145,
                            "count": 10329,
                            "self": 39.71312240000023,
                            "children": {
                                "SubprocessEnvManager._take_step": {
                                    "total": 9.17346769999999,
                                    "count": 10330,
                                    "self": 0.34538399999972746,
                                    "children": {
                                        "TorchPolicy.evaluate": {
                                            "total": 8.828083700000262,
                                            "count": 10330,
                                            "self": 8.828083700000262
                                        }
                                    }
                                },
                                "workers": {
                                    "total": 0.08057319999992352,
                                    "count": 10329,
                                    "self": 0.0,
                                    "children": {
                                        "worker_root": {
                                            "total": 37.28428050000027,
                                            "count": 10329,
                                            "is_parallel": true,
                                            "self": 16.88702530000063,
                                            "children": {
                                                "steps_from_proto": {
                                                    "total": 0.0006535999999988107,
                                                    "count": 2,
                                                    "is_parallel": true,
                                                    "self": 0.00028890000000014737,
                                                    "children": {
                                                        "_process_rank_one_or_two_observation": {
                                                            "total": 0.0003646999999986633,
                                                            "count": 4,
                                                            "is_parallel": true,
                                                            "self": 0.0003646999999986633
                                                        }
                                                    }
                                                },
                                                "UnityEnvironment.step": {
                                                    "total": 20.39660159999964,
                                                    "count": 10329,
                                                    "is_parallel": true,
                                                    "self": 0.5959359999996572,
                                                    "children": {
                                                        "UnityEnvironment._generate_step_input": {
                                                            "total": 0.3713447000001011,
                                                            "count": 10329,
                                                            "is_parallel": true,
                                                            "self": 0.3713447000001011
                                                        },
                                                        "communicator.exchange": {
                                                            "total": 17.41803619999996,
                                                            "count": 10329,
                                                            "is_parallel": true,
                                                            "self": 17.41803619999996
                                                        },
                                                        "steps_from_proto": {
                                                            "total": 2.0112846999999237,
                                                            "count": 10329,
                                                            "is_parallel": true,
                                                            "self": 0.9326644999994214,
                                                            "children": {
                                                                "_process_rank_one_or_two_observation": {
                                                                    "total": 1.0786202000005023,
                                                                    "count": 20658,
                                                                    "is_parallel": true,
                                                                    "self": 1.0786202000005023
                                                                }
                                                            }
                                                        }
                                                    }
                                                }
                                            }
                                        }
                                    }
                                }
                            }
                        },
                        "trainer_advance": {
                            "total": 0.8721413000001412,
                            "count": 10329,
                            "self": 0.1459139000002505,
                            "children": {
                                "process_trajectory": {
                                    "total": 0.42661619999988964,
                                    "count": 10329,
                                    "self": 0.42661619999988964
                                },
                                "_update_policy": {
                                    "total": 0.2996112000000011,
                                    "count": 1,
                                    "self": 0.2899762999999993,
                                    "children": {
                                        "TorchPPOOptimizer.update": {
                                            "total": 0.009634900000001778,
                                            "count": 1,