{
    "name": "root",
    "metadata": {
        "timer_format_version": "0.1.0",
        "start_time_seconds": "1753004984",
        "python_version": "3.9.13 (tags/v3.9.13:6de2ca5, May 17 2022, 16:36:42) [MSC v.1929 64 bit (AMD64)]",
        "command_line_arguments": "E:\\Projects\\Unity\\Masters-ML-Agent-Project\\venv\\Scripts\\mlagents-learn --run-id=Test6",
        "mlagents_version": "0.30.0",
        "mlagents_envs_version": "0.30.0",
        "communication_protocol_version": "1.5.0",
        "pytorch_version": "2.7.1+cpu",
        "numpy_version": "1.21.2",
        "end_time_seconds": "1753005088"
    },
    "total": 103.3649361,
    "count": 1,
    "self": 0.004079299999986574,
    "children": {
        "run_training.setup": {
            "total": 0.04710139999999985,
            "count": 1,
            "self": 0.04710139999999985
        },
        "TrainerController.start_learning": {
            "total": 103.3137554,
            "count": 1,
            "self": 0.0580827999998661,
            "children": {
                "TrainerController._reset_env": {
                    "total": 23.5678693,
                    "count": 1,
                    "self": 23.5678693
                },
                "TrainerController.advance": {
                    "total": 79.63064470000015,
                    "count": 7634,
                    "self": 0.05850870000020336,
                    "children": {
                        "env_step": {
                            "total": 79.15324489999995,
                            "count": 7634,
                            "self": 74.82838630000006,
                            "children": {
                                "SubprocessEnvManager._take_step": {
                                    "total": 4.283262299999816,
                                    "count": 7634,
                                    "self": 0.1808143000000797,
                                    "children": {
                                        "TorchPolicy.evaluate": {
                                            "total": 4.102447999999736,
                                            "count": 7634,
                                            "self": 4.102447999999736
                                        }
                                    }
                                },
                                "workers": {
                                    "total": 0.041596300000062314,
                                    "count": 7633,
                                    "self": 0.0,
                                    "children": {
                                        "worker_root": {
                                            "total": 19.359412900000017,
                                            "count": 7633,
                                            "is_parallel": true,
                                            "self": 8.976481400000136,
                                            "children": {
                                                "steps_from_proto": {
                                                    "total": 0.0004926000000011754,
                                                    "count": 1,
                                                    "is_parallel": true,
                                                    "self": 0.00019160000000439936,
                                                    "children": {
                                                        "_process_rank_one_or_two_observation": {
                                                            "total": 0.00030099999999677607,
                                                            "count": 2,
                                                            "is_parallel": true,
                                                            "self": 0.00030099999999677607
                                                        }
                                                    }
                                                },
                                                "UnityEnvironment.step": {
                                                    "total": 10.38243889999988,
                                                    "count": 7633,
                                                    "is_parallel": true,
                                                    "self": 0.3577561999997805,
                                                    "children": {
                                                        "UnityEnvironment._generate_step_input": {
                                                            "total": 0.20912279999986438,
                                                            "count": 7633,
                                                            "is_parallel": true,
                                                            "self": 0.20912279999986438
                                                        },
                                                        "communicator.exchange": {
                                                            "total": 8.633348800000437,
                                                            "count": 7633,
                                                            "is_parallel": true,
                                                            "self": 8.633348800000437
                                                        },
                                                        "steps_from_proto": {
                                                            "total": 1.1822110999997975,
                                                            "count": 7633,
                                                            "is_parallel": true,
                                                            "self": 0.500404699999752,
                                                            "children": {
                                                                "_process_rank_one_or_two_observation": {
                                                                    "total": 0.6818064000000454,
                                                                    "count": 15266,
                                                                    "is_parallel": true,
                                                                    "self": 0.6818064000000454
                                                                }
                                                            }
                                                        }
                                                    }
                                                }
                                            }
                                        }
                                    }
                                }
                            }
                        },
                        "trainer_advance": {
                            "total": 0.4188910999999962,
                            "count": 7633,
                            "self": 0.06711600000007323,
                            "children": {
                                "process_trajectory": {
                                    "total": 0.35177509999992296,
                                    "count": 7633,
                                    "self": 0.35177509999992296
                                }
                            }
                        }
                    }
                },
                "TrainerController._save_models": {
                    "total": 0.05715859999999395,
                    "count": 1,
                    "self": 2.3100000007048038e-05,
                    "children": {
                        "RLTrainer._checkpoint": {
                            "total": 0.057135499999986905,
                            "count": 1,